,u_velocity,v_velocity,w_velocity
mean_velocity,10.318309875711817,-0.009216672019125202,0.0007051626589208546
rms_velocity,1.4917036685747982,0.5098412619786983,0.2964654363057186
turbulence_intensity,0.1445686053765556,55.31728382226731,420.4213489684981
skewness,0.00507170324157546,0.006259471017290886,-0.029421409058399885
kurtosis,-0.31047038465999854,0.061525934149254446,0.03861136205149984
variance,2.2251798348395115,0.2599381124160316,0.0878917549239401
max_fluctuation,5.063971429341471,1.9091111022105596,1.1774252381444237
